record_id,season,week,game_id,game_date,weekday,away_team,home_team,opponent,team_venue,final_score,closing_spread,closing_total,derived_from_authoritative_sources,days_from_game_to_correction,player,position,team,stat,original_value,corrected_value,numeric_change,correction_date_text,published_fantasy_points_delta,severity,severity_label,category,threshold_crossed,market_relevant,markets_potentially_affected,impact_reason,actually_changed_official_outcome,outcome_change_rationale,potential_to_change_market,verification_status,source_publisher,source_page_title,source_url_archived,source_url_live_now_retired,source_snapshot_timestamp,transcribed_at,review_flags
SC-0035,2010,1,2010_01_GB_PHI,2010-09-12,Sunday,GB,PHI,PHI,away,GB 27 @ PHI 20,-3,47.5,nflverse/nfldata data/games.csv (mirror of NFL schedule/results/lines),3,Green Bay Packers,DEF,GB,Sacks,5,6,1,Sep 15,1.0,2,MEDIUM,threshold_crossing,6.0,True,sacks over/under (line near 6) | sacks statistical milestone / yardage bonus | same-game parlay / same-game combo legs containing this stat,"Sacks moved 5 -> 6, crossing the round-number market threshold of 6",False,"No. This correction altered one player's statistic. The game's final score and result are unchanged by it, and the score-integrity study found zero post-completion score revisions. It is therefore a POTENTIAL market impact, not a realised one.",True,transcribed_from_archived_official_page,"NFL League Office / Elias Sports Bureau (NFL.com Fantasy), archived by the Internet Archive","Stat Corrections | NFL Fantasy (2010 Season, Week 1, Defensive Team)",https://web.archive.org/web/20260516203131/https://fantasy.nfl.com/research/statcorrections?position=8&sort=pts&statCategory=stats&statSeason=2010&statType=weekStats&statWeek=1,https://fantasy.nfl.com/research/statcorrections?position=8&sort=pts&statCategory=stats&statSeason=2010&statType=weekStats&statWeek=1,20260516203131,2026-10-07,
SC-0036,2010,1,2010_01_GB_PHI,2010-09-12,Sunday,GB,PHI,PHI,away,GB 27 @ PHI 20,-3,47.5,nflverse/nfldata data/games.csv (mirror of NFL schedule/results/lines),3,Green Bay Packers,DEF,GB,Yards Allowed,321,320,-1,Sep 15,0.0,2,MEDIUM,line_priced_change,,True,yards allowed over/under (any half-point line between 320 and 321) | yards allowed statistical milestone / yardage bonus if a round number sits inside that range | same-game parlay / same-game combo legs containing this stat,"Yards Allowed moved 321 -> 320; this is a line-priced stat, so a change of this size is capable of crossing an over/under quoted at a half point",False,"No. This correction altered one player's statistic. The game's final score and result are unchanged by it, and the score-integrity study found zero post-completion score revisions. It is therefore a POTENTIAL market impact, not a realised one.",True,transcribed_from_archived_official_page,"NFL League Office / Elias Sports Bureau (NFL.com Fantasy), archived by the Internet Archive","Stat Corrections | NFL Fantasy (2010 Season, Week 1, Defensive Team)",https://web.archive.org/web/20260516203131/https://fantasy.nfl.com/research/statcorrections?position=8&sort=pts&statCategory=stats&statSeason=2010&statType=weekStats&statWeek=1,https://fantasy.nfl.com/research/statcorrections?position=8&sort=pts&statCategory=stats&statSeason=2010&statType=weekStats&statWeek=1,20260516203131,2026-10-07,
SC-0011,2015,16,2015_16_JAX_NO,2015-12-27,Sunday,JAX,NO,NO,away,JAX 27 @ NO 38,2.5,52.5,nflverse/nfldata data/games.csv (mirror of NFL schedule/results/lines),3,Allen Hurns,WR,JAX,Receiving Yards,106,107,1,Dec 30,0.1,2,MEDIUM,line_priced_change,,True,receiving yards over/under (any half-point line between 106 and 107) | receiving yards statistical milestone / yardage bonus if a round number sits inside that range | same-game parlay / same-game combo legs containing this stat,"Receiving Yards moved 106 -> 107; this is a line-priced stat, so a change of this size is capable of crossing an over/under quoted at a half point",False,"No. This correction altered one player's statistic. The game's final score and result are unchanged by it, and the score-integrity study found zero post-completion score revisions. It is therefore a POTENTIAL market impact, not a realised one.",True,transcribed_from_archived_official_page,"NFL League Office / Elias Sports Bureau (NFL.com Fantasy), archived by the Internet Archive","Stat Corrections - Free Fantasy Football - NFL.com (2015 Season, Week 16, All Offense)",https://web.archive.org/web/20200930215056/https://fantasy.nfl.com/research/statcorrections?position=O&statCategory=stats&statSeason=2015&statType=weekStats&statWeek=16,https://fantasy.nfl.com/research/statcorrections?position=O&statCategory=stats&statSeason=2015&statType=weekStats&statWeek=16,20200930215056,2026-10-07,
SC-0004,2015,16,2015_16_PIT_BAL,2015-12-27,Sunday,PIT,BAL,BAL,away,PIT 17 @ BAL 20,-11,47.5,nflverse/nfldata data/games.csv (mirror of NFL schedule/results/lines),3,Ben Roethlisberger,QB,PIT,Passing Yards,215,220,5,Dec 30,0.2,2,MEDIUM,line_priced_change,,True,passing yards over/under (any half-point line between 215 and 220) | passing yards statistical milestone / yardage bonus if a round number sits inside that range | same-game parlay / same-game combo legs containing this stat,"Passing Yards moved 215 -> 220; this is a line-priced stat, so a change of this size is capable of crossing an over/under quoted at a half point",False,"No. This correction altered one player's statistic. The game's final score and result are unchanged by it, and the score-integrity study found zero post-completion score revisions. It is therefore a POTENTIAL market impact, not a realised one.",True,transcribed_from_archived_official_page,"NFL League Office / Elias Sports Bureau (NFL.com Fantasy), archived by the Internet Archive","Stat Corrections - Free Fantasy Football - NFL.com (2015 Season, Week 16, All Offense)",https://web.archive.org/web/20200930215056/https://fantasy.nfl.com/research/statcorrections?position=O&statCategory=stats&statSeason=2015&statType=weekStats&statWeek=16,https://fantasy.nfl.com/research/statcorrections?position=O&statCategory=stats&statSeason=2015&statType=weekStats&statWeek=16,20200930215056,2026-10-07,
SC-0005,2015,16,2015_16_PIT_BAL,2015-12-27,Sunday,PIT,BAL,BAL,away,PIT 17 @ BAL 20,-11,47.5,nflverse/nfldata data/games.csv (mirror of NFL schedule/results/lines),3,Ben Roethlisberger,QB,PIT,Receiving Yards,-8,-3,5,Dec 30,0.5,2,MEDIUM,line_priced_change,,True,receiving yards over/under (any half-point line between -8 and -3) | receiving yards statistical milestone / yardage bonus if a round number sits inside that range | same-game parlay / same-game combo legs containing this stat,"Receiving Yards moved -8 -> -3; this is a line-priced stat, so a change of this size is capable of crossing an over/under quoted at a half point",False,"No. This correction altered one player's statistic. The game's final score and result are unchanged by it, and the score-integrity study found zero post-completion score revisions. It is therefore a POTENTIAL market impact, not a realised one.",True,transcribed_from_archived_official_page,"NFL League Office / Elias Sports Bureau (NFL.com Fantasy), archived by the Internet Archive","Stat Corrections - Free Fantasy Football - NFL.com (2015 Season, Week 16, All Offense)",https://web.archive.org/web/20200930215056/https://fantasy.nfl.com/research/statcorrections?position=O&statCategory=stats&statSeason=2015&statType=weekStats&statWeek=16,https://fantasy.nfl.com/research/statcorrections?position=O&statCategory=stats&statSeason=2015&statType=weekStats&statWeek=16,20200930215056,2026-10-07,
SC-0002,2015,16,2015_16_PIT_BAL,2015-12-27,Sunday,PIT,BAL,BAL,away,PIT 17 @ BAL 20,-11,47.5,nflverse/nfldata data/games.csv (mirror of NFL schedule/results/lines),3,DeAngelo Williams,RB,PIT,Fumbles Lost,0,1,1,Dec 30,-2.0,2,MEDIUM,line_priced_change,,True,fumbles lost over/under (any half-point line between 0 and 1) | fumbles lost statistical milestone / yardage bonus if a round number sits inside that range | same-game parlay / same-game combo legs containing this stat,"Fumbles Lost moved 0 -> 1; this is a line-priced stat, so a change of this size is capable of crossing an over/under quoted at a half point",False,"No. This correction altered one player's statistic. The game's final score and result are unchanged by it, and the score-integrity study found zero post-completion score revisions. It is therefore a POTENTIAL market impact, not a realised one.",True,transcribed_from_archived_official_page,"NFL League Office / Elias Sports Bureau (NFL.com Fantasy), archived by the Internet Archive","Stat Corrections - Free Fantasy Football - NFL.com (2015 Season, Week 16, All Offense)",https://web.archive.org/web/20200930215056/https://fantasy.nfl.com/research/statcorrections?position=O&statCategory=stats&statSeason=2015&statType=weekStats&statWeek=16,https://fantasy.nfl.com/research/statcorrections?position=O&statCategory=stats&statSeason=2015&statType=weekStats&statWeek=16,20200930215056,2026-10-07,
SC-0008,2015,16,2015_16_JAX_NO,2015-12-27,Sunday,JAX,NO,NO,away,JAX 27 @ NO 38,2.5,52.5,nflverse/nfldata data/games.csv (mirror of NFL schedule/results/lines),3,Denard Robinson,RB,JAX,Receiving Yards,51,50,-1,Dec 30,-0.1,2,MEDIUM,line_priced_change,,True,receiving yards over/under (any half-point line between 50 and 51) | receiving yards statistical milestone / yardage bonus if a round number sits inside that range | same-game parlay / same-game combo legs containing this stat,"Receiving Yards moved 51 -> 50; this is a line-priced stat, so a change of this size is capable of crossing an over/under quoted at a half point",False,"No. This correction altered one player's statistic. The game's final score and result are unchanged by it, and the score-integrity study found zero post-completion score revisions. It is therefore a POTENTIAL market impact, not a realised one.",True,transcribed_from_archived_official_page,"NFL League Office / Elias Sports Bureau (NFL.com Fantasy), archived by the Internet Archive","Stat Corrections - Free Fantasy Football - NFL.com (2015 Season, Week 16, All Offense)",https://web.archive.org/web/20200930215056/https://fantasy.nfl.com/research/statcorrections?position=O&statCategory=stats&statSeason=2015&statType=weekStats&statWeek=16,https://fantasy.nfl.com/research/statcorrections?position=O&statCategory=stats&statSeason=2015&statType=weekStats&statWeek=16,20200930215056,2026-10-07,
SC-0013,2015,16,2015_16_PIT_BAL,2015-12-27,Sunday,PIT,BAL,PIT,home,PIT 17 @ BAL 20,-11,47.5,nflverse/nfldata data/games.csv (mirror of NFL schedule/results/lines),3,Javorius Allen,RB,BAL,Rushing Attempts,18,17,-1,Dec 30,0.0,2,MEDIUM,line_priced_change,,True,rushing attempts over/under (any half-point line between 17 and 18) | rushing attempts statistical milestone / yardage bonus if a round number sits inside that range | same-game parlay / same-game combo legs containing this stat,"Rushing Attempts moved 18 -> 17; this is a line-priced stat, so a change of this size is capable of crossing an over/under quoted at a half point",False,"No. This correction altered one player's statistic. The game's final score and result are unchanged by it, and the score-integrity study found zero post-completion score revisions. It is therefore a POTENTIAL market impact, not a realised one.",True,transcribed_from_archived_official_page,"NFL League Office / Elias Sports Bureau (NFL.com Fantasy), archived by the Internet Archive","Stat Corrections - Free Fantasy Football - NFL.com (2015 Season, Week 16, All Offense)",https://web.archive.org/web/20200930215056/https://fantasy.nfl.com/research/statcorrections?position=O&statCategory=stats&statSeason=2015&statType=weekStats&statWeek=16,https://fantasy.nfl.com/research/statcorrections?position=O&statCategory=stats&statSeason=2015&statType=weekStats&statWeek=16,20200930215056,2026-10-07,
SC-0014,2015,16,2015_16_PIT_BAL,2015-12-27,Sunday,PIT,BAL,PIT,home,PIT 17 @ BAL 20,-11,47.5,nflverse/nfldata data/games.csv (mirror of NFL schedule/results/lines),3,Javorius Allen,RB,BAL,Rushing Yards,79,77,-2,Dec 30,-0.2,2,MEDIUM,line_priced_change,,True,rushing yards over/under (any half-point line between 77 and 79) | rushing yards statistical milestone / yardage bonus if a round number sits inside that range | same-game parlay / same-game combo legs containing this stat,"Rushing Yards moved 79 -> 77; this is a line-priced stat, so a change of this size is capable of crossing an over/under quoted at a half point",False,"No. This correction altered one player's statistic. The game's final score and result are unchanged by it, and the score-integrity study found zero post-completion score revisions. It is therefore a POTENTIAL market impact, not a realised one.",True,transcribed_from_archived_official_page,"NFL League Office / Elias Sports Bureau (NFL.com Fantasy), archived by the Internet Archive","Stat Corrections - Free Fantasy Football - NFL.com (2015 Season, Week 16, All Offense)",https://web.archive.org/web/20200930215056/https://fantasy.nfl.com/research/statcorrections?position=O&statCategory=stats&statSeason=2015&statType=weekStats&statWeek=16,https://fantasy.nfl.com/research/statcorrections?position=O&statCategory=stats&statSeason=2015&statType=weekStats&statWeek=16,20200930215056,2026-10-07,
SC-0006,2015,16,2015_16_STL_SEA,2015-12-27,Sunday,LA,SEA,LA,home,STL 23 @ SEA 17,11,42,nflverse/nfldata data/games.csv (mirror of NFL schedule/results/lines),3,Russell Wilson,QB,SEA,Rushing Yards,39,38,-1,Dec 30,-0.1,2,MEDIUM,line_priced_change,,True,rushing yards over/under (any half-point line between 38 and 39) | rushing yards statistical milestone / yardage bonus if a round number sits inside that range | same-game parlay / same-game combo legs containing this stat,"Rushing Yards moved 39 -> 38; this is a line-priced stat, so a change of this size is capable of crossing an over/under quoted at a half point",False,"No. This correction altered one player's statistic. The game's final score and result are unchanged by it, and the score-integrity study found zero post-completion score revisions. It is therefore a POTENTIAL market impact, not a realised one.",True,transcribed_from_archived_official_page,"NFL League Office / Elias Sports Bureau (NFL.com Fantasy), archived by the Internet Archive","Stat Corrections - Free Fantasy Football - NFL.com (2015 Season, Week 16, All Offense)",https://web.archive.org/web/20200930215056/https://fantasy.nfl.com/research/statcorrections?position=O&statCategory=stats&statSeason=2015&statType=weekStats&statWeek=16,https://fantasy.nfl.com/research/statcorrections?position=O&statCategory=stats&statSeason=2015&statType=weekStats&statWeek=16,20200930215056,2026-10-07,
SC-0009,2015,16,2015_16_PIT_BAL,2015-12-27,Sunday,PIT,BAL,PIT,home,PIT 17 @ BAL 20,-11,47.5,nflverse/nfldata data/games.csv (mirror of NFL schedule/results/lines),3,Terrance West,RB,BAL,Rushing Attempts,13,14,1,Dec 30,0.0,2,MEDIUM,line_priced_change,,True,rushing attempts over/under (any half-point line between 13 and 14) | rushing attempts statistical milestone / yardage bonus if a round number sits inside that range | same-game parlay / same-game combo legs containing this stat,"Rushing Attempts moved 13 -> 14; this is a line-priced stat, so a change of this size is capable of crossing an over/under quoted at a half point",False,"No. This correction altered one player's statistic. The game's final score and result are unchanged by it, and the score-integrity study found zero post-completion score revisions. It is therefore a POTENTIAL market impact, not a realised one.",True,transcribed_from_archived_official_page,"NFL League Office / Elias Sports Bureau (NFL.com Fantasy), archived by the Internet Archive","Stat Corrections - Free Fantasy Football - NFL.com (2015 Season, Week 16, All Offense)",https://web.archive.org/web/20200930215056/https://fantasy.nfl.com/research/statcorrections?position=O&statCategory=stats&statSeason=2015&statType=weekStats&statWeek=16,https://fantasy.nfl.com/research/statcorrections?position=O&statCategory=stats&statSeason=2015&statType=weekStats&statWeek=16,20200930215056,2026-10-07,
SC-0010,2015,16,2015_16_PIT_BAL,2015-12-27,Sunday,PIT,BAL,PIT,home,PIT 17 @ BAL 20,-11,47.5,nflverse/nfldata data/games.csv (mirror of NFL schedule/results/lines),3,Terrance West,RB,BAL,Rushing Yards,42,44,2,Dec 30,0.2,2,MEDIUM,line_priced_change,,True,rushing yards over/under (any half-point line between 42 and 44) | rushing yards statistical milestone / yardage bonus if a round number sits inside that range | same-game parlay / same-game combo legs containing this stat,"Rushing Yards moved 42 -> 44; this is a line-priced stat, so a change of this size is capable of crossing an over/under quoted at a half point",False,"No. This correction altered one player's statistic. The game's final score and result are unchanged by it, and the score-integrity study found zero post-completion score revisions. It is therefore a POTENTIAL market impact, not a realised one.",True,transcribed_from_archived_official_page,"NFL League Office / Elias Sports Bureau (NFL.com Fantasy), archived by the Internet Archive","Stat Corrections - Free Fantasy Football - NFL.com (2015 Season, Week 16, All Offense)",https://web.archive.org/web/20200930215056/https://fantasy.nfl.com/research/statcorrections?position=O&statCategory=stats&statSeason=2015&statType=weekStats&statWeek=16,https://fantasy.nfl.com/research/statcorrections?position=O&statCategory=stats&statSeason=2015&statType=weekStats&statWeek=16,20200930215056,2026-10-07,
SC-0012,2015,16,2015_16_STL_SEA,2015-12-27,Sunday,LA,SEA,SEA,away,STL 23 @ SEA 17,11,42,nflverse/nfldata data/games.csv (mirror of NFL schedule/results/lines),3,Todd Gurley,RB,LA,Rushing Yards,85,83,-2,Dec 30,-0.2,2,MEDIUM,line_priced_change,,True,rushing yards over/under (any half-point line between 83 and 85) | rushing yards statistical milestone / yardage bonus if a round number sits inside that range | same-game parlay / same-game combo legs containing this stat,"Rushing Yards moved 85 -> 83; this is a line-priced stat, so a change of this size is capable of crossing an over/under quoted at a half point",False,"No. This correction altered one player's statistic. The game's final score and result are unchanged by it, and the score-integrity study found zero post-completion score revisions. It is therefore a POTENTIAL market impact, not a realised one.",True,transcribed_from_archived_official_page,"NFL League Office / Elias Sports Bureau (NFL.com Fantasy), archived by the Internet Archive","Stat Corrections - Free Fantasy Football - NFL.com (2015 Season, Week 16, All Offense)",https://web.archive.org/web/20200930215056/https://fantasy.nfl.com/research/statcorrections?position=O&statCategory=stats&statSeason=2015&statType=weekStats&statWeek=16,https://fantasy.nfl.com/research/statcorrections?position=O&statCategory=stats&statSeason=2015&statType=weekStats&statWeek=16,20200930215056,2026-10-07,
SC-0029,2017,16,2017_16_SEA_DAL,2017-12-24,Sunday,SEA,DAL,SEA,home,SEA 21 @ DAL 12,4.5,47,nflverse/nfldata data/games.csv (mirror of NFL schedule/results/lines),2,Dak Prescott,QB,DAL,Passing Yards,182,181,-1,Dec 26,-0.04,2,MEDIUM,line_priced_change,,True,passing yards over/under (any half-point line between 181 and 182) | passing yards statistical milestone / yardage bonus if a round number sits inside that range | same-game parlay / same-game combo legs containing this stat,"Passing Yards moved 182 -> 181; this is a line-priced stat, so a change of this size is capable of crossing an over/under quoted at a half point",False,"No. This correction altered one player's statistic. The game's final score and result are unchanged by it, and the score-integrity study found zero post-completion score revisions. It is therefore a POTENTIAL market impact, not a realised one.",True,transcribed_from_archived_official_page,"NFL League Office / Elias Sports Bureau (NFL.com Fantasy), archived by the Internet Archive","Stat Corrections - Free Fantasy Football - NFL.com (2017 Season, Week 16)",https://web.archive.org/web/20180114192611/https://fantasy.nfl.com/research/statcorrections?leagueId=0&statWeek=16,https://fantasy.nfl.com/research/statcorrections?leagueId=0&statWeek=16,20180114192611,2026-10-07,
SC-0030,2017,16,2017_16_SEA_DAL,2017-12-24,Sunday,SEA,DAL,SEA,home,SEA 21 @ DAL 12,4.5,47,nflverse/nfldata data/games.csv (mirror of NFL schedule/results/lines),3,Dak Prescott,QB,DAL,Passing Yards,182,181,-1,Dec 27,-0.04,2,MEDIUM,line_priced_change,,True,passing yards over/under (any half-point line between 181 and 182) | passing yards statistical milestone / yardage bonus if a round number sits inside that range | same-game parlay / same-game combo legs containing this stat,"Passing Yards moved 182 -> 181; this is a line-priced stat, so a change of this size is capable of crossing an over/under quoted at a half point",False,"No. This correction altered one player's statistic. The game's final score and result are unchanged by it, and the score-integrity study found zero post-completion score revisions. It is therefore a POTENTIAL market impact, not a realised one.",True,transcribed_from_archived_official_page,"NFL League Office / Elias Sports Bureau (NFL.com Fantasy), archived by the Internet Archive","Stat Corrections - Free Fantasy Football - NFL.com (2017 Season, Week 16)",https://web.archive.org/web/20180114192611/https://fantasy.nfl.com/research/statcorrections?leagueId=0&statWeek=16,https://fantasy.nfl.com/research/statcorrections?leagueId=0&statWeek=16,20180114192611,2026-10-07,
SC-0026,2017,16,2017_16_SEA_DAL,2017-12-24,Sunday,SEA,DAL,SEA,home,SEA 21 @ DAL 12,4.5,47,nflverse/nfldata data/games.csv (mirror of NFL schedule/results/lines),2,Dez Bryant,WR,DAL,Receiving Yards,44,43,-1,Dec 26,-0.1,2,MEDIUM,line_priced_change,,True,receiving yards over/under (any half-point line between 43 and 44) | receiving yards statistical milestone / yardage bonus if a round number sits inside that range | same-game parlay / same-game combo legs containing this stat,"Receiving Yards moved 44 -> 43; this is a line-priced stat, so a change of this size is capable of crossing an over/under quoted at a half point",False,"No. This correction altered one player's statistic. The game's final score and result are unchanged by it, and the score-integrity study found zero post-completion score revisions. It is therefore a POTENTIAL market impact, not a realised one.",True,transcribed_from_archived_official_page,"NFL League Office / Elias Sports Bureau (NFL.com Fantasy), archived by the Internet Archive","Stat Corrections - Free Fantasy Football - NFL.com (2017 Season, Week 16)",https://web.archive.org/web/20180114192611/https://fantasy.nfl.com/research/statcorrections?leagueId=0&statWeek=16,https://fantasy.nfl.com/research/statcorrections?leagueId=0&statWeek=16,20180114192611,2026-10-07,
SC-0031,2017,16,2017_16_CLE_CHI,2017-12-24,Sunday,CLE,CHI,CHI,away,CLE 3 @ CHI 20,5.5,37,nflverse/nfldata data/games.csv (mirror of NFL schedule/results/lines),2,Matt Dayes,RB,CLE,Rushing Yards,3,4,1,Dec 26,0.1,2,MEDIUM,line_priced_change,,True,rushing yards over/under (any half-point line between 3 and 4) | rushing yards statistical milestone / yardage bonus if a round number sits inside that range | same-game parlay / same-game combo legs containing this stat,"Rushing Yards moved 3 -> 4; this is a line-priced stat, so a change of this size is capable of crossing an over/under quoted at a half point",False,"No. This correction altered one player's statistic. The game's final score and result are unchanged by it, and the score-integrity study found zero post-completion score revisions. It is therefore a POTENTIAL market impact, not a realised one.",True,transcribed_from_archived_official_page,"NFL League Office / Elias Sports Bureau (NFL.com Fantasy), archived by the Internet Archive","Stat Corrections - Free Fantasy Football - NFL.com (2017 Season, Week 16)",https://web.archive.org/web/20180114192611/https://fantasy.nfl.com/research/statcorrections?leagueId=0&statWeek=16,https://fantasy.nfl.com/research/statcorrections?leagueId=0&statWeek=16,20180114192611,2026-10-07,
SC-0033,2017,16,2017_16_MIN_GB,2017-12-23,Saturday,MIN,GB,MIN,home,MIN 16 @ GB 0,-8.5,41,nflverse/nfldata data/games.csv (mirror of NFL schedule/results/lines),4,Michael Clark,WR,GB,Receptions,0,3,3,Dec 27,0.0,2,MEDIUM,threshold_crossing,2.0,True,receptions over/under (line near 2) | receptions statistical milestone / yardage bonus | same-game parlay / same-game combo legs containing this stat,"Receptions moved 0 -> 3, crossing the round-number market threshold of 2",False,"No. This correction altered one player's statistic. The game's final score and result are unchanged by it, and the score-integrity study found zero post-completion score revisions. It is therefore a POTENTIAL market impact, not a realised one.",True,transcribed_from_archived_official_page,"NFL League Office / Elias Sports Bureau (NFL.com Fantasy), archived by the Internet Archive","Stat Corrections - Free Fantasy Football - NFL.com (2017 Season, Week 16)",https://web.archive.org/web/20180114192611/https://fantasy.nfl.com/research/statcorrections?leagueId=0&statWeek=16,https://fantasy.nfl.com/research/statcorrections?leagueId=0&statWeek=16,20180114192611,2026-10-07,
SC-0034,2017,16,2017_16_MIN_GB,2017-12-23,Saturday,MIN,GB,MIN,home,MIN 16 @ GB 0,-8.5,41,nflverse/nfldata data/games.csv (mirror of NFL schedule/results/lines),4,Michael Clark,WR,GB,Receiving Yards,0,36,36,Dec 27,3.6,2,MEDIUM,threshold_crossing,25.0,True,receiving yards over/under (line near 25) | receiving yards statistical milestone / yardage bonus | same-game parlay / same-game combo legs containing this stat,"Receiving Yards moved 0 -> 36, crossing the round-number market threshold of 25",False,"No. This correction altered one player's statistic. The game's final score and result are unchanged by it, and the score-integrity study found zero post-completion score revisions. It is therefore a POTENTIAL market impact, not a realised one.",True,transcribed_from_archived_official_page,"NFL League Office / Elias Sports Bureau (NFL.com Fantasy), archived by the Internet Archive","Stat Corrections - Free Fantasy Football - NFL.com (2017 Season, Week 16)",https://web.archive.org/web/20180114192611/https://fantasy.nfl.com/research/statcorrections?leagueId=0&statWeek=16,https://fantasy.nfl.com/research/statcorrections?leagueId=0&statWeek=16,20180114192611,2026-10-07,
SC-0019,2018,14,2018_14_PHI_DAL,2018-12-09,Sunday,PHI,DAL,PHI,home,PHI 23 @ DAL 29,3.5,46,nflverse/nfldata data/games.csv (mirror of NFL schedule/results/lines),3,Cole Beasley,WR,DAL,Kickoff and Punt Return Yards,23,22,-1,Dec 12,0.0,2,MEDIUM,line_priced_change,,True,kickoff and punt return yards over/under (any half-point line between 22 and 23) | kickoff and punt return yards statistical milestone / yardage bonus if a round number sits inside that range | same-game parlay / same-game combo legs containing this stat,"Kickoff and Punt Return Yards moved 23 -> 22; this is a line-priced stat, so a change of this size is capable of crossing an over/under quoted at a half point",False,"No. This correction altered one player's statistic. The game's final score and result are unchanged by it, and the score-integrity study found zero post-completion score revisions. It is therefore a POTENTIAL market impact, not a realised one.",True,transcribed_from_archived_official_page,"NFL League Office / Elias Sports Bureau (NFL.com Fantasy), archived by the Internet Archive","Stat Corrections - Free Fantasy Football - NFL.com (2018 Season, Week 14)",https://web.archive.org/web/20181219090041/https://fantasy.nfl.com/research/statcorrections?leagueId=0&statWeek=14,https://fantasy.nfl.com/research/statcorrections?leagueId=0&statWeek=14,20181219090041,2026-10-07,
SC-0023,2018,14,2018_14_BAL_KC,2018-12-09,Sunday,BAL,KC,KC,away,BAL 24 @ KC 27,6.5,49,nflverse/nfldata data/games.csv (mirror of NFL schedule/results/lines),3,Lamar Jackson,QB,BAL,Every Time Sacked,3,2,-1,Dec 12,0.0,2,MEDIUM,line_priced_change,,True,every time sacked over/under (any half-point line between 2 and 3) | every time sacked statistical milestone / yardage bonus if a round number sits inside that range | same-game parlay / same-game combo legs containing this stat,"Every Time Sacked moved 3 -> 2; this is a line-priced stat, so a change of this size is capable of crossing an over/under quoted at a half point",False,"No. This correction altered one player's statistic. The game's final score and result are unchanged by it, and the score-integrity study found zero post-completion score revisions. It is therefore a POTENTIAL market impact, not a realised one.",True,transcribed_from_archived_official_page,"NFL League Office / Elias Sports Bureau (NFL.com Fantasy), archived by the Internet Archive","Stat Corrections - Free Fantasy Football - NFL.com (2018 Season, Week 14)",https://web.archive.org/web/20181219090041/https://fantasy.nfl.com/research/statcorrections?leagueId=0&statWeek=14,https://fantasy.nfl.com/research/statcorrections?leagueId=0&statWeek=14,20181219090041,2026-10-07,
SC-0024,2018,14,2018_14_BAL_KC,2018-12-09,Sunday,BAL,KC,KC,away,BAL 24 @ KC 27,6.5,49,nflverse/nfldata data/games.csv (mirror of NFL schedule/results/lines),3,Lamar Jackson,QB,BAL,Rushing Attempts,13,14,1,Dec 12,0.0,2,MEDIUM,line_priced_change,,True,rushing attempts over/under (any half-point line between 13 and 14) | rushing attempts statistical milestone / yardage bonus if a round number sits inside that range | same-game parlay / same-game combo legs containing this stat,"Rushing Attempts moved 13 -> 14; this is a line-priced stat, so a change of this size is capable of crossing an over/under quoted at a half point",False,"No. This correction altered one player's statistic. The game's final score and result are unchanged by it, and the score-integrity study found zero post-completion score revisions. It is therefore a POTENTIAL market impact, not a realised one.",True,transcribed_from_archived_official_page,"NFL League Office / Elias Sports Bureau (NFL.com Fantasy), archived by the Internet Archive","Stat Corrections - Free Fantasy Football - NFL.com (2018 Season, Week 14)",https://web.archive.org/web/20181219090041/https://fantasy.nfl.com/research/statcorrections?leagueId=0&statWeek=14,https://fantasy.nfl.com/research/statcorrections?leagueId=0&statWeek=14,20181219090041,2026-10-07,
SC-0025,2018,14,2018_14_BAL_KC,2018-12-09,Sunday,BAL,KC,KC,away,BAL 24 @ KC 27,6.5,49,nflverse/nfldata data/games.csv (mirror of NFL schedule/results/lines),3,Lamar Jackson,QB,BAL,Rushing Yards,71,67,-4,Dec 12,-0.4,2,MEDIUM,line_priced_change,,True,rushing yards over/under (any half-point line between 67 and 71) | rushing yards statistical milestone / yardage bonus if a round number sits inside that range | same-game parlay / same-game combo legs containing this stat,"Rushing Yards moved 71 -> 67; this is a line-priced stat, so a change of this size is capable of crossing an over/under quoted at a half point",False,"No. This correction altered one player's statistic. The game's final score and result are unchanged by it, and the score-integrity study found zero post-completion score revisions. It is therefore a POTENTIAL market impact, not a realised one.",True,transcribed_from_archived_official_page,"NFL League Office / Elias Sports Bureau (NFL.com Fantasy), archived by the Internet Archive","Stat Corrections - Free Fantasy Football - NFL.com (2018 Season, Week 14)",https://web.archive.org/web/20181219090041/https://fantasy.nfl.com/research/statcorrections?leagueId=0&statWeek=14,https://fantasy.nfl.com/research/statcorrections?leagueId=0&statWeek=14,20181219090041,2026-10-07,
SC-0020,2018,14,2018_14_ATL_GB,2018-12-09,Sunday,ATL,GB,GB,away,ATL 20 @ GB 34,4,51,nflverse/nfldata data/games.csv (mirror of NFL schedule/results/lines),3,Marvin Hall,WR,ATL,Kickoff and Punt Return Yards,112,109,-3,Dec 12,0.0,2,MEDIUM,line_priced_change,,True,kickoff and punt return yards over/under (any half-point line between 109 and 112) | kickoff and punt return yards statistical milestone / yardage bonus if a round number sits inside that range | same-game parlay / same-game combo legs containing this stat,"Kickoff and Punt Return Yards moved 112 -> 109; this is a line-priced stat, so a change of this size is capable of crossing an over/under quoted at a half point",False,"No. This correction altered one player's statistic. The game's final score and result are unchanged by it, and the score-integrity study found zero post-completion score revisions. It is therefore a POTENTIAL market impact, not a realised one.",True,transcribed_from_archived_official_page,"NFL League Office / Elias Sports Bureau (NFL.com Fantasy), archived by the Internet Archive","Stat Corrections - Free Fantasy Football - NFL.com (2018 Season, Week 14)",https://web.archive.org/web/20181219090041/https://fantasy.nfl.com/research/statcorrections?leagueId=0&statWeek=14,https://fantasy.nfl.com/research/statcorrections?leagueId=0&statWeek=14,20181219090041,2026-10-07,
SC-0022,2018,14,2018_14_ATL_GB,2018-12-09,Sunday,ATL,GB,GB,away,ATL 20 @ GB 34,4,51,nflverse/nfldata data/games.csv (mirror of NFL schedule/results/lines),3,Marvin Hall,WR,ATL,Fumbles Recovery,1,0,-1,Dec 12,0.0,2,MEDIUM,line_priced_change,,True,fumbles recovery over/under (any half-point line between 0 and 1) | fumbles recovery statistical milestone / yardage bonus if a round number sits inside that range | same-game parlay / same-game combo legs containing this stat,"Fumbles Recovery moved 1 -> 0; this is a line-priced stat, so a change of this size is capable of crossing an over/under quoted at a half point",False,"No. This correction altered one player's statistic. The game's final score and result are unchanged by it, and the score-integrity study found zero post-completion score revisions. It is therefore a POTENTIAL market impact, not a realised one.",True,transcribed_from_archived_official_page,"NFL League Office / Elias Sports Bureau (NFL.com Fantasy), archived by the Internet Archive","Stat Corrections - Free Fantasy Football - NFL.com (2018 Season, Week 14)",https://web.archive.org/web/20181219090041/https://fantasy.nfl.com/research/statcorrections?leagueId=0&statWeek=14,https://fantasy.nfl.com/research/statcorrections?leagueId=0&statWeek=14,20181219090041,2026-10-07,
SC-0018,2018,14,2018_14_ATL_GB,2018-12-09,Sunday,ATL,GB,GB,away,ATL 20 @ GB 34,4,51,nflverse/nfldata data/games.csv (mirror of NFL schedule/results/lines),3,Mohamed Sanu,WR,ATL,Fumbles Recovery,0,1,1,Dec 12,0.0,2,MEDIUM,line_priced_change,,True,fumbles recovery over/under (any half-point line between 0 and 1) | fumbles recovery statistical milestone / yardage bonus if a round number sits inside that range | same-game parlay / same-game combo legs containing this stat,"Fumbles Recovery moved 0 -> 1; this is a line-priced stat, so a change of this size is capable of crossing an over/under quoted at a half point",False,"No. This correction altered one player's statistic. The game's final score and result are unchanged by it, and the score-integrity study found zero post-completion score revisions. It is therefore a POTENTIAL market impact, not a realised one.",True,transcribed_from_archived_official_page,"NFL League Office / Elias Sports Bureau (NFL.com Fantasy), archived by the Internet Archive","Stat Corrections - Free Fantasy Football - NFL.com (2018 Season, Week 14)",https://web.archive.org/web/20181219090041/https://fantasy.nfl.com/research/statcorrections?leagueId=0&statWeek=14,https://fantasy.nfl.com/research/statcorrections?leagueId=0&statWeek=14,20181219090041,2026-10-07,
SC-0001,2015,16,2015_16_CAR_ATL,2015-12-27,Sunday,CAR,ATL,ATL,away,CAR 13 @ ATL 20,-7,45.5,nflverse/nfldata data/games.csv (mirror of NFL schedule/results/lines),3,Cam Newton,QB,CAR,Tackle,0,1,1,Dec 30,0.0,1,LOW,idp,,True,tackle over/under,Tackle moved 0 -> 1; market-relevant but not threshold-crossing,False,"No. This correction altered one player's statistic. The game's final score and result are unchanged by it, and the score-integrity study found zero post-completion score revisions. It is therefore a POTENTIAL market impact, not a realised one.",False,transcribed_from_archived_official_page,"NFL League Office / Elias Sports Bureau (NFL.com Fantasy), archived by the Internet Archive","Stat Corrections - Free Fantasy Football - NFL.com (2015 Season, Week 16, All Offense)",https://web.archive.org/web/20200930215056/https://fantasy.nfl.com/research/statcorrections?position=O&statCategory=stats&statSeason=2015&statType=weekStats&statWeek=16,https://fantasy.nfl.com/research/statcorrections?position=O&statCategory=stats&statSeason=2015&statType=weekStats&statWeek=16,20200930215056,2026-10-07,
SC-0007,2015,16,2015_16_DAL_BUF,2015-12-27,Sunday,DAL,BUF,BUF,away,DAL 6 @ BUF 16,6.5,42,nflverse/nfldata data/games.csv (mirror of NFL schedule/results/lines),2,James Hanna,TE,DAL,Assisted Tackles,0,1,1,Dec 29,0.0,1,LOW,idp,,True,assisted tackles over/under,Assisted Tackles moved 0 -> 1; market-relevant but not threshold-crossing,False,"No. This correction altered one player's statistic. The game's final score and result are unchanged by it, and the score-integrity study found zero post-completion score revisions. It is therefore a POTENTIAL market impact, not a realised one.",False,transcribed_from_archived_official_page,"NFL League Office / Elias Sports Bureau (NFL.com Fantasy), archived by the Internet Archive","Stat Corrections - Free Fantasy Football - NFL.com (2015 Season, Week 16, All Offense)",https://web.archive.org/web/20200930215056/https://fantasy.nfl.com/research/statcorrections?position=O&statCategory=stats&statSeason=2015&statType=weekStats&statWeek=16,https://fantasy.nfl.com/research/statcorrections?position=O&statCategory=stats&statSeason=2015&statType=weekStats&statWeek=16,20200930215056,2026-10-07,
SC-0027,2017,16,2017_16_PIT_HOU,2017-12-25,Monday,PIT,HOU,PIT,home,PIT 34 @ HOU 6,-8,45.5,nflverse/nfldata data/games.csv (mirror of NFL schedule/results/lines),1,Alfred Blue,RB,HOU,Assisted Tackles,0,1,1,Dec 26,0.0,1,LOW,idp,,True,assisted tackles over/under,Assisted Tackles moved 0 -> 1; market-relevant but not threshold-crossing,False,"No. This correction altered one player's statistic. The game's final score and result are unchanged by it, and the score-integrity study found zero post-completion score revisions. It is therefore a POTENTIAL market impact, not a realised one.",False,transcribed_from_archived_official_page,"NFL League Office / Elias Sports Bureau (NFL.com Fantasy), archived by the Internet Archive","Stat Corrections - Free Fantasy Football - NFL.com (2017 Season, Week 16)",https://web.archive.org/web/20180114192611/https://fantasy.nfl.com/research/statcorrections?leagueId=0&statWeek=16,https://fantasy.nfl.com/research/statcorrections?leagueId=0&statWeek=16,20180114192611,2026-10-07,
SC-0028,2017,16,2017_16_IND_BAL,2017-12-23,Saturday,IND,BAL,IND,home,IND 16 @ BAL 23,13.5,41,nflverse/nfldata data/games.csv (mirror of NFL schedule/results/lines),3,Javorius Allen,RB,BAL,Tackle,0,1,1,Dec 26,0.0,1,LOW,idp,,True,tackle over/under,Tackle moved 0 -> 1; market-relevant but not threshold-crossing,False,"No. This correction altered one player's statistic. The game's final score and result are unchanged by it, and the score-integrity study found zero post-completion score revisions. It is therefore a POTENTIAL market impact, not a realised one.",False,transcribed_from_archived_official_page,"NFL League Office / Elias Sports Bureau (NFL.com Fantasy), archived by the Internet Archive","Stat Corrections - Free Fantasy Football - NFL.com (2017 Season, Week 16)",https://web.archive.org/web/20180114192611/https://fantasy.nfl.com/research/statcorrections?leagueId=0&statWeek=16,https://fantasy.nfl.com/research/statcorrections?leagueId=0&statWeek=16,20180114192611,2026-10-07,
SC-0032,2017,16,2017_16_MIN_GB,2017-12-23,Saturday,MIN,GB,MIN,home,MIN 16 @ GB 0,-8.5,41,nflverse/nfldata data/games.csv (mirror of NFL schedule/results/lines),4,Michael Clark,WR,GB,Games Played,0,1,1,Dec 27,0.0,1,LOW,eligibility,,True,games played over/under,Games Played moved 0 -> 1; market-relevant but not threshold-crossing,False,"No. This correction altered one player's statistic. The game's final score and result are unchanged by it, and the score-integrity study found zero post-completion score revisions. It is therefore a POTENTIAL market impact, not a realised one.",False,transcribed_from_archived_official_page,"NFL League Office / Elias Sports Bureau (NFL.com Fantasy), archived by the Internet Archive","Stat Corrections - Free Fantasy Football - NFL.com (2017 Season, Week 16)",https://web.archive.org/web/20180114192611/https://fantasy.nfl.com/research/statcorrections?leagueId=0&statWeek=16,https://fantasy.nfl.com/research/statcorrections?leagueId=0&statWeek=16,20180114192611,2026-10-07,
SC-0015,2018,14,2018_14_PIT_OAK,2018-12-09,Sunday,PIT,LV,LV,away,PIT 21 @ OAK 24,-10.5,51,nflverse/nfldata data/games.csv (mirror of NFL schedule/results/lines),3,Darrius Heyward-Bey,WR,PIT,Tackle,0,1,1,Dec 12,0.0,1,LOW,idp,,True,tackle over/under,Tackle moved 0 -> 1; market-relevant but not threshold-crossing,False,"No. This correction altered one player's statistic. The game's final score and result are unchanged by it, and the score-integrity study found zero post-completion score revisions. It is therefore a POTENTIAL market impact, not a realised one.",False,transcribed_from_archived_official_page,"NFL League Office / Elias Sports Bureau (NFL.com Fantasy), archived by the Internet Archive","Stat Corrections - Free Fantasy Football - NFL.com (2018 Season, Week 14)",https://web.archive.org/web/20181219090041/https://fantasy.nfl.com/research/statcorrections?leagueId=0&statWeek=14,https://fantasy.nfl.com/research/statcorrections?leagueId=0&statWeek=14,20181219090041,2026-10-07,
SC-0003,2015,16,2015_16_PIT_BAL,2015-12-27,Sunday,PIT,BAL,BAL,away,PIT 17 @ BAL 20,-11,47.5,nflverse/nfldata data/games.csv (mirror of NFL schedule/results/lines),3,DeAngelo Williams,RB,PIT,Fumble,0,1,1,Dec 30,0.0,0,INFO,out_of_scope,,False,,Fumble moved 0 -> 1; not a defined market-relevant stat,False,"No. This correction altered one player's statistic. The game's final score and result are unchanged by it, and the score-integrity study found zero post-completion score revisions. It is therefore a POTENTIAL market impact, not a realised one.",False,transcribed_from_archived_official_page,"NFL League Office / Elias Sports Bureau (NFL.com Fantasy), archived by the Internet Archive","Stat Corrections - Free Fantasy Football - NFL.com (2015 Season, Week 16, All Offense)",https://web.archive.org/web/20200930215056/https://fantasy.nfl.com/research/statcorrections?position=O&statCategory=stats&statSeason=2015&statType=weekStats&statWeek=16,https://fantasy.nfl.com/research/statcorrections?position=O&statCategory=stats&statSeason=2015&statType=weekStats&statWeek=16,20200930215056,2026-10-07,
SC-0016,2018,14,2018_14_DEN_SF,2018-12-09,Sunday,DEN,SF,SF,away,DEN 14 @ SF 20,-3,45.5,nflverse/nfldata data/games.csv (mirror of NFL schedule/results/lines),3,Case Keenum,QB,DEN,Fumble,1,2,1,Dec 12,0.0,0,INFO,out_of_scope,,False,,Fumble moved 1 -> 2; not a defined market-relevant stat,False,"No. This correction altered one player's statistic. The game's final score and result are unchanged by it, and the score-integrity study found zero post-completion score revisions. It is therefore a POTENTIAL market impact, not a realised one.",False,transcribed_from_archived_official_page,"NFL League Office / Elias Sports Bureau (NFL.com Fantasy), archived by the Internet Archive","Stat Corrections - Free Fantasy Football - NFL.com (2018 Season, Week 14)",https://web.archive.org/web/20181219090041/https://fantasy.nfl.com/research/statcorrections?leagueId=0&statWeek=14,https://fantasy.nfl.com/research/statcorrections?leagueId=0&statWeek=14,20181219090041,2026-10-07,
SC-0021,2018,14,2018_14_ATL_GB,2018-12-09,Sunday,ATL,GB,GB,away,ATL 20 @ GB 34,4,51,nflverse/nfldata data/games.csv (mirror of NFL schedule/results/lines),3,Marvin Hall,WR,ATL,Fumble,1,0,-1,Dec 12,0.0,0,INFO,out_of_scope,,False,,Fumble moved 1 -> 0; not a defined market-relevant stat,False,"No. This correction altered one player's statistic. The game's final score and result are unchanged by it, and the score-integrity study found zero post-completion score revisions. It is therefore a POTENTIAL market impact, not a realised one.",False,transcribed_from_archived_official_page,"NFL League Office / Elias Sports Bureau (NFL.com Fantasy), archived by the Internet Archive","Stat Corrections - Free Fantasy Football - NFL.com (2018 Season, Week 14)",https://web.archive.org/web/20181219090041/https://fantasy.nfl.com/research/statcorrections?leagueId=0&statWeek=14,https://fantasy.nfl.com/research/statcorrections?leagueId=0&statWeek=14,20181219090041,2026-10-07,
SC-0017,2018,14,2018_14_ATL_GB,2018-12-09,Sunday,ATL,GB,GB,away,ATL 20 @ GB 34,4,51,nflverse/nfldata data/games.csv (mirror of NFL schedule/results/lines),3,Mohamed Sanu,WR,ATL,Fumble,0,1,1,Dec 12,0.0,0,INFO,out_of_scope,,False,,Fumble moved 0 -> 1; not a defined market-relevant stat,False,"No. This correction altered one player's statistic. The game's final score and result are unchanged by it, and the score-integrity study found zero post-completion score revisions. It is therefore a POTENTIAL market impact, not a realised one.",False,transcribed_from_archived_official_page,"NFL League Office / Elias Sports Bureau (NFL.com Fantasy), archived by the Internet Archive","Stat Corrections - Free Fantasy Football - NFL.com (2018 Season, Week 14)",https://web.archive.org/web/20181219090041/https://fantasy.nfl.com/research/statcorrections?leagueId=0&statWeek=14,https://fantasy.nfl.com/research/statcorrections?leagueId=0&statWeek=14,20181219090041,2026-10-07,
