game_id,season,week,gameday,away_team,home_team,away_score,home_score,final_margin_home,final_total,closing_spread,closing_total,margin_gap_points,total_gap_points,pushed_on_spread,pushed_on_total,spread_sensitive,total_sensitive,min_correction_points_to_flip_spread,min_correction_points_to_flip_total,note
2025_01_KC_LAC,2025,1,2025-09-05,KC,LAC,21,27,6,48,-3.0,47.5,3.0,0.5,False,False,False,True,,0.5,Closest market outcome to the final score; listed because a correction within the stated gap would have flipped a spread/total market.
2025_01_ARI_NO,2025,1,2025-09-07,ARI,NO,20,13,-7,33,-6.0,44.5,1.0,11.5,False,False,True,False,1.0,,Closest market outcome to the final score; listed because a correction within the stated gap would have flipped a spread/total market.
2025_01_PIT_NYJ,2025,1,2025-09-07,PIT,NYJ,34,32,-2,66,-3.0,37.5,1.0,28.5,False,False,True,False,1.0,,Closest market outcome to the final score; listed because a correction within the stated gap would have flipped a spread/total market.
2025_01_TEN_DEN,2025,1,2025-09-07,TEN,DEN,12,20,8,32,8.5,42.5,0.5,10.5,False,False,True,False,0.5,,Closest market outcome to the final score; listed because a correction within the stated gap would have flipped a spread/total market.
2025_01_BAL_BUF,2025,1,2025-09-07,BAL,BUF,40,41,1,81,-1.5,50.5,0.5,30.5,False,False,True,False,0.5,,Closest market outcome to the final score; listed because a correction within the stated gap would have flipped a spread/total market.
2025_02_JAX_CIN,2025,2,2025-09-14,JAX,CIN,27,31,4,58,3.5,49.5,0.5,8.5,False,False,True,False,0.5,,Closest market outcome to the final score; listed because a correction within the stated gap would have flipped a spread/total market.
2025_03_DEN_LAC,2025,3,2025-09-21,DEN,LAC,20,23,3,43,2.5,45.5,0.5,2.5,False,False,True,False,0.5,,Closest market outcome to the final score; listed because a correction within the stated gap would have flipped a spread/total market.
2025_03_ARI_SF,2025,3,2025-09-21,ARI,SF,15,16,1,31,1.5,44.5,0.5,13.5,False,False,True,False,0.5,,Closest market outcome to the final score; listed because a correction within the stated gap would have flipped a spread/total market.
2025_04_SEA_ARI,2025,4,2025-09-25,SEA,ARI,23,20,-3,43,-1.5,43.5,1.5,0.5,False,False,False,True,,0.5,Closest market outcome to the final score; listed because a correction within the stated gap would have flipped a spread/total market.
2025_04_MIN_PIT,2025,4,2025-09-28,MIN,PIT,21,24,3,45,-2.5,41.5,0.5,3.5,False,False,True,False,0.5,,Closest market outcome to the final score; listed because a correction within the stated gap would have flipped a spread/total market.
2025_04_CLE_DET,2025,4,2025-09-28,CLE,DET,10,34,24,44,10.0,44.5,14.0,0.5,False,False,False,True,,0.5,Closest market outcome to the final score; listed because a correction within the stated gap would have flipped a spread/total market.
2025_04_CHI_LV,2025,4,2025-09-28,CHI,LV,25,24,-1,49,1.5,47.5,0.5,1.5,False,False,True,False,0.5,,Closest market outcome to the final score; listed because a correction within the stated gap would have flipped a spread/total market.
2025_05_MIN_CLE,2025,5,2025-10-05,MIN,CLE,21,17,-4,38,-3.5,35.5,0.5,2.5,False,False,True,False,0.5,,Closest market outcome to the final score; listed because a correction within the stated gap would have flipped a spread/total market.
2025_05_LV_IND,2025,5,2025-10-05,LV,IND,6,40,34,46,7.0,46.5,27.0,0.5,False,False,False,True,,0.5,Closest market outcome to the final score; listed because a correction within the stated gap would have flipped a spread/total market.
2025_05_DEN_PHI,2025,5,2025-10-05,DEN,PHI,21,17,-4,38,3.5,44.5,0.5,6.5,False,False,True,False,0.5,,Closest market outcome to the final score; listed because a correction within the stated gap would have flipped a spread/total market.
2025_05_TB_SEA,2025,5,2025-10-05,TB,SEA,38,35,-3,73,3.5,44.5,0.5,28.5,False,False,True,False,0.5,,Closest market outcome to the final score; listed because a correction within the stated gap would have flipped a spread/total market.
2025_05_KC_JAX,2025,5,2025-10-06,KC,JAX,28,31,3,59,-3.5,45.5,0.5,13.5,False,False,True,False,0.5,,Closest market outcome to the final score; listed because a correction within the stated gap would have flipped a spread/total market.
2025_06_DAL_CAR,2025,6,2025-10-12,DAL,CAR,27,30,3,57,-3.0,47.5,0.0,9.5,True,False,True,False,0.0,,A scoring correction of any size would create a winner where the game pushed.
2025_06_CIN_GB,2025,6,2025-10-12,CIN,GB,18,27,9,45,14.0,44.5,5.0,0.5,False,False,False,True,,0.5,Closest market outcome to the final score; listed because a correction within the stated gap would have flipped a spread/total market.
2025_06_CHI_WAS,2025,6,2025-10-13,CHI,WAS,25,24,-1,49,5.5,49.5,4.5,0.5,False,False,False,True,,0.5,Closest market outcome to the final score; listed because a correction within the stated gap would have flipped a spread/total market.
2025_08_MIA_ATL,2025,8,2025-10-26,MIA,ATL,34,10,-24,44,7.0,44.5,17.0,0.5,False,False,False,True,,0.5,Closest market outcome to the final score; listed because a correction within the stated gap would have flipped a spread/total market.
2025_08_CHI_BAL,2025,8,2025-10-26,CHI,BAL,16,30,14,46,2.5,45.5,11.5,0.5,False,False,False,True,,0.5,Closest market outcome to the final score; listed because a correction within the stated gap would have flipped a spread/total market.
2025_08_SF_HOU,2025,8,2025-10-26,SF,HOU,15,26,11,41,2.5,41.5,8.5,0.5,False,False,False,True,,0.5,Closest market outcome to the final score; listed because a correction within the stated gap would have flipped a spread/total market.
2025_09_NO_LA,2025,9,2025-11-02,NO,LA,10,34,24,44,14.0,44.5,10.0,0.5,False,False,False,True,,0.5,Closest market outcome to the final score; listed because a correction within the stated gap would have flipped a spread/total market.
2025_10_ATL_IND,2025,10,2025-11-09,ATL,IND,25,31,6,56,6.5,48.5,0.5,7.5,False,False,True,False,0.5,,Closest market outcome to the final score; listed because a correction within the stated gap would have flipped a spread/total market.
2025_10_NYG_CHI,2025,10,2025-11-09,NYG,CHI,20,24,4,44,4.5,45.5,0.5,1.5,False,False,True,False,0.5,,Closest market outcome to the final score; listed because a correction within the stated gap would have flipped a spread/total market.
2025_11_NYJ_NE,2025,11,2025-11-13,NYJ,NE,14,27,13,41,12.5,43.5,0.5,2.5,False,False,True,False,0.5,,Closest market outcome to the final score; listed because a correction within the stated gap would have flipped a spread/total market.
2025_11_WAS_MIA,2025,11,2025-11-16,WAS,MIA,13,16,3,29,2.5,47.5,0.5,18.5,False,False,True,False,0.5,,Closest market outcome to the final score; listed because a correction within the stated gap would have flipped a spread/total market.
2025_11_CHI_MIN,2025,11,2025-11-16,CHI,MIN,19,17,-2,36,3.0,47.5,1.0,11.5,False,False,True,False,1.0,,Closest market outcome to the final score; listed because a correction within the stated gap would have flipped a spread/total market.
2025_11_GB_NYG,2025,11,2025-11-16,GB,NYG,27,20,-7,47,-7.5,41.5,0.5,5.5,False,False,True,False,0.5,,Closest market outcome to the final score; listed because a correction within the stated gap would have flipped a spread/total market.
2025_11_SEA_LA,2025,11,2025-11-16,SEA,LA,19,21,2,40,3.0,49.5,1.0,9.5,False,False,True,False,1.0,,Closest market outcome to the final score; listed because a correction within the stated gap would have flipped a spread/total market.
2025_11_BAL_CLE,2025,11,2025-11-16,BAL,CLE,23,16,-7,39,-7.5,37.5,0.5,1.5,False,False,True,False,0.5,,Closest market outcome to the final score; listed because a correction within the stated gap would have flipped a spread/total market.
2025_11_KC_DEN,2025,11,2025-11-16,KC,DEN,19,22,3,41,-3.5,44.5,0.5,3.5,False,False,True,False,0.5,,Closest market outcome to the final score; listed because a correction within the stated gap would have flipped a spread/total market.
2025_11_DAL_LV,2025,11,2025-11-17,DAL,LV,33,16,-17,49,-3.5,48.5,13.5,0.5,False,False,False,True,,0.5,Closest market outcome to the final score; listed because a correction within the stated gap would have flipped a spread/total market.
2025_12_NYJ_BAL,2025,12,2025-11-23,NYJ,BAL,10,23,13,33,14.0,44.5,1.0,11.5,False,False,True,False,1.0,,Closest market outcome to the final score; listed because a correction within the stated gap would have flipped a spread/total market.
2025_12_PIT_CHI,2025,12,2025-11-23,PIT,CHI,28,31,3,59,3.0,46.5,0.0,12.5,True,False,True,False,0.0,,A scoring correction of any size would create a winner where the game pushed.
2025_12_IND_KC,2025,12,2025-11-23,IND,KC,20,23,3,43,3.5,50.5,0.5,7.5,False,False,True,False,0.5,,Closest market outcome to the final score; listed because a correction within the stated gap would have flipped a spread/total market.
2025_12_JAX_ARI,2025,12,2025-11-23,JAX,ARI,27,24,-3,51,-2.5,47.5,0.5,3.5,False,False,True,False,0.5,,Closest market outcome to the final score; listed because a correction within the stated gap would have flipped a spread/total market.
2025_12_PHI_DAL,2025,12,2025-11-23,PHI,DAL,21,24,3,45,-3.0,47.5,0.0,2.5,True,False,True,False,0.0,,A scoring correction of any size would create a winner where the game pushed.
2025_13_KC_DAL,2025,13,2025-11-27,KC,DAL,28,31,3,59,-3.5,53.5,0.5,5.5,False,False,True,False,0.5,,Closest market outcome to the final score; listed because a correction within the stated gap would have flipped a spread/total market.
2025_13_HOU_IND,2025,13,2025-11-30,HOU,IND,20,16,-4,36,3.0,44.5,1.0,8.5,False,False,True,False,1.0,,Closest market outcome to the final score; listed because a correction within the stated gap would have flipped a spread/total market.
2025_13_ATL_NYJ,2025,13,2025-11-30,ATL,NYJ,24,27,3,51,-3.0,38.5,0.0,12.5,True,False,True,False,0.0,,A scoring correction of any size would create a winner where the game pushed.
2025_14_PIT_BAL,2025,14,2025-12-07,PIT,BAL,27,22,-5,49,5.5,43.5,0.5,5.5,False,False,True,False,0.5,,Closest market outcome to the final score; listed because a correction within the stated gap would have flipped a spread/total market.
2025_14_CIN_BUF,2025,14,2025-12-07,CIN,BUF,34,39,5,73,6.0,54.5,1.0,18.5,False,False,True,False,1.0,,Closest market outcome to the final score; listed because a correction within the stated gap would have flipped a spread/total market.
2025_14_DEN_LV,2025,14,2025-12-07,DEN,LV,24,17,-7,41,-8.5,40.5,1.5,0.5,False,False,False,True,,0.5,Closest market outcome to the final score; listed because a correction within the stated gap would have flipped a spread/total market.
2025_14_CHI_GB,2025,14,2025-12-07,CHI,GB,21,28,7,49,6.5,44.5,0.5,4.5,False,False,True,False,0.5,,Closest market outcome to the final score; listed because a correction within the stated gap would have flipped a spread/total market.
2025_14_PHI_LAC,2025,14,2025-12-08,PHI,LAC,19,22,3,41,-1.5,41.5,1.5,0.5,False,False,False,True,,0.5,Closest market outcome to the final score; listed because a correction within the stated gap would have flipped a spread/total market.
2025_15_CAR_NO,2025,15,2025-12-14,CAR,NO,17,20,3,37,-2.5,41.5,0.5,4.5,False,False,True,False,0.5,,Closest market outcome to the final score; listed because a correction within the stated gap would have flipped a spread/total market.
2025_15_TEN_SF,2025,15,2025-12-14,TEN,SF,24,37,13,61,12.5,44.5,0.5,16.5,False,False,True,False,0.5,,Closest market outcome to the final score; listed because a correction within the stated gap would have flipped a spread/total market.
2025_15_MIA_PIT,2025,15,2025-12-15,MIA,PIT,15,28,13,43,3.0,42.5,10.0,0.5,False,False,False,True,,0.5,Closest market outcome to the final score; listed because a correction within the stated gap would have flipped a spread/total market.
2025_16_LA_SEA,2025,16,2025-12-18,LA,SEA,37,38,1,75,1.5,42.5,0.5,32.5,False,False,True,False,0.5,,Closest market outcome to the final score; listed because a correction within the stated gap would have flipped a spread/total market.
2025_16_TB_CAR,2025,16,2025-12-21,TB,CAR,20,23,3,43,-3.0,44.5,0.0,1.5,True,False,True,False,0.0,,A scoring correction of any size would create a winner where the game pushed.
2025_16_LAC_DAL,2025,16,2025-12-21,LAC,DAL,34,17,-17,51,1.5,50.5,15.5,0.5,False,False,False,True,,0.5,Closest market outcome to the final score; listed because a correction within the stated gap would have flipped a spread/total market.
2025_16_MIN_NYG,2025,16,2025-12-21,MIN,NYG,16,13,-3,29,-2.5,41.5,0.5,12.5,False,False,True,False,0.5,,Closest market outcome to the final score; listed because a correction within the stated gap would have flipped a spread/total market.
2025_16_PIT_DET,2025,16,2025-12-21,PIT,DET,29,24,-5,53,7.5,52.5,2.5,0.5,False,False,False,True,,0.5,Closest market outcome to the final score; listed because a correction within the stated gap would have flipped a spread/total market.
2025_16_NE_BAL,2025,16,2025-12-21,NE,BAL,28,24,-4,52,3.5,48.5,0.5,3.5,False,False,True,False,0.5,,Closest market outcome to the final score; listed because a correction within the stated gap would have flipped a spread/total market.
2025_17_CHI_SF,2025,17,2025-12-28,CHI,SF,38,42,4,80,3.5,51.5,0.5,28.5,False,False,True,False,0.5,,Closest market outcome to the final score; listed because a correction within the stated gap would have flipped a spread/total market.
2025_18_CAR_TB,2025,18,2026-01-03,CAR,TB,14,16,2,30,3.0,43.5,1.0,13.5,False,False,True,False,1.0,,Closest market outcome to the final score; listed because a correction within the stated gap would have flipped a spread/total market.
2025_18_GB_MIN,2025,18,2026-01-04,GB,MIN,3,16,13,19,12.5,37.5,0.5,18.5,False,False,True,False,0.5,,Closest market outcome to the final score; listed because a correction within the stated gap would have flipped a spread/total market.
2025_18_DAL_NYG,2025,18,2026-01-04,DAL,NYG,17,34,17,51,-3.0,50.5,14.0,0.5,False,False,False,True,,0.5,Closest market outcome to the final score; listed because a correction within the stated gap would have flipped a spread/total market.
2025_18_DET_CHI,2025,18,2026-01-04,DET,CHI,19,16,-3,35,3.5,51.5,0.5,16.5,False,False,True,False,0.5,,Closest market outcome to the final score; listed because a correction within the stated gap would have flipped a spread/total market.
2025_19_BUF_JAX,2025,19,2026-01-11,BUF,JAX,27,24,-3,51,1.5,51.5,1.5,0.5,False,False,False,True,,0.5,Closest market outcome to the final score; listed because a correction within the stated gap would have flipped a spread/total market.
2025_20_LA_CHI,2025,20,2026-01-18,LA,CHI,20,17,-3,37,-3.5,49.5,0.5,12.5,False,False,True,False,0.5,,Closest market outcome to the final score; listed because a correction within the stated gap would have flipped a spread/total market.
2025_21_NE_DEN,2025,21,2026-01-25,NE,DEN,10,7,-3,17,-3.5,43.5,0.5,26.5,False,False,True,False,0.5,,Closest market outcome to the final score; listed because a correction within the stated gap would have flipped a spread/total market.
2026_01_NE_SEA,2026,1,2026-09-09,NE,SEA,10,13,3,23,3.0,44.5,0.0,21.5,True,False,True,False,0.0,,A scoring correction of any size would create a winner where the game pushed.
2026_01_ATL_PIT,2026,1,2026-09-13,ATL,PIT,13,20,7,33,6.5,40.5,0.5,7.5,False,False,True,False,0.5,,Closest market outcome to the final score; listed because a correction within the stated gap would have flipped a spread/total market.
2026_01_MIA_LV,2026,1,2026-09-13,MIA,LV,13,27,14,40,3.0,40.5,11.0,0.5,False,False,False,True,,0.5,Closest market outcome to the final score; listed because a correction within the stated gap would have flipped a spread/total market.
2026_01_DAL_NYG,2026,1,2026-09-13,DAL,NYG,20,28,8,48,-3.0,47.5,5.0,0.5,False,False,False,True,,0.5,Closest market outcome to the final score; listed because a correction within the stated gap would have flipped a spread/total market.
2026_02_GB_NYJ,2026,2,2026-09-20,GB,NYJ,20,17,-3,37,-3.5,44.5,0.5,7.5,False,False,True,False,0.5,,Closest market outcome to the final score; listed because a correction within the stated gap would have flipped a spread/total market.
2026_02_CLE_TB,2026,2,2026-09-20,CLE,TB,23,19,-4,42,8.5,41.5,4.5,0.5,False,False,False,True,,0.5,Closest market outcome to the final score; listed because a correction within the stated gap would have flipped a spread/total market.
2026_03_LAC_BUF,2026,3,2026-09-27,LAC,BUF,16,24,8,40,7.0,50.5,1.0,10.5,False,False,True,False,1.0,,Closest market outcome to the final score; listed because a correction within the stated gap would have flipped a spread/total market.
2026_03_CAR_CLE,2026,3,2026-09-27,CAR,CLE,18,21,3,39,-2.5,41.5,0.5,2.5,False,False,True,False,0.5,,Closest market outcome to the final score; listed because a correction within the stated gap would have flipped a spread/total market.
2026_03_NYJ_DET,2026,3,2026-09-27,NYJ,DET,24,31,7,55,7.0,49.5,0.0,5.5,True,False,True,False,0.0,,A scoring correction of any size would create a winner where the game pushed.
2026_03_HOU_IND,2026,3,2026-09-27,HOU,IND,17,19,2,36,-1.5,41.5,0.5,5.5,False,False,True,False,0.5,,Closest market outcome to the final score; listed because a correction within the stated gap would have flipped a spread/total market.
2026_03_CIN_PIT,2026,3,2026-09-27,CIN,PIT,27,30,3,57,-3.5,42.5,0.5,14.5,False,False,True,False,0.5,,Closest market outcome to the final score; listed because a correction within the stated gap would have flipped a spread/total market.
2026_03_BAL_DAL,2026,3,2026-09-27,BAL,DAL,34,31,-3,65,-3.0,53.5,0.0,11.5,True,False,True,False,0.0,,A scoring correction of any size would create a winner where the game pushed.
2026_04_PIT_CLE,2026,4,2026-10-01,PIT,CLE,24,27,3,51,-2.5,38.5,0.5,12.5,False,False,True,False,0.5,,Closest market outcome to the final score; listed because a correction within the stated gap would have flipped a spread/total market.
2026_04_TEN_BAL,2026,4,2026-10-04,TEN,BAL,18,24,6,42,11.5,42.5,5.5,0.5,False,False,False,True,,0.5,Closest market outcome to the final score; listed because a correction within the stated gap would have flipped a spread/total market.
2026_04_DAL_HOU,2026,4,2026-10-04,DAL,HOU,34,30,-4,64,3.0,48.5,1.0,15.5,False,False,True,False,1.0,,Closest market outcome to the final score; listed because a correction within the stated gap would have flipped a spread/total market.
2026_04_LA_PHI,2026,4,2026-10-04,LA,PHI,24,20,-4,44,-3.5,42.5,0.5,1.5,False,False,True,False,0.5,,Closest market outcome to the final score; listed because a correction within the stated gap would have flipped a spread/total market.
2026_04_GB_TB,2026,4,2026-10-04,GB,TB,17,14,-3,31,-3.0,38.5,0.0,7.5,True,False,True,False,0.0,,A scoring correction of any size would create a winner where the game pushed.
2026_04_LAC_SEA,2026,4,2026-10-04,LAC,SEA,23,30,7,53,7.0,42.5,0.0,10.5,True,False,True,False,0.0,,A scoring correction of any size would create a winner where the game pushed.
